name,url,address,airport,distance,unit,rating,restname,mon,tue,wed,thur,fri,sat,sun
Novotel Paris Les Halles,https://www.tripadvisor.com/Hotel_Review-g187147-d197424-Reviews-Novotel_Paris_Les_Halles-Paris_Ile_de_France.html,"8 Place Marguerite de Navarre, 75001 Paris France",Paris - Orly Airport,9.0,mi,4.0,Le Jardin Privé,Monday 12:00 - 22:30,Tuesday 12:00 - 22:30,Wednesday 12:00 - 22:30,Thursday 12:00 - 22:30,Friday 12:00 - 22:30,Saturday 12:00 - 22:30,Sunday 12:00 - 22:30
citizenM Paris Champs-Élysées,https://www.tripadvisor.com/Hotel_Review-g187147-d23338812-Reviews-CitizenM_Paris_Champs_Elysees-Paris_Ile_de_France.html,"128 rue la Boetie, 75008 Paris France",Paris - Orly Airport,10.0,mi,4.0,canteenM,Monday 6AM-11AM12PM-11PM,Tuesday 6AM-11AM12PM-11PM,Wednesday 6AM-11AM12PM-11PM,Thursday 6AM-11AM12PM-11PM,Friday 6AM-11AM12PM-11PM,Saturday 6AM-11AM12PM-11PM,Sunday 6AM-11AM12PM-11PM
Hotel Europe Saint Severin,https://www.tripadvisor.com/Hotel_Review-g187147-d250927-Reviews-Hotel_Europe_Saint_Severin-Paris_Ile_de_France.html,"38 rue Saint Severin, 75005 Paris France",Paris - Orly Airport,9.0,mi,3.0,RIM Café,Monday 12:00 - 23:00,Tuesday 12:00 - 23:00,Wednesday 12:00 - 23:00,Thursday 12:00 - 23:00,Friday 12:00 - 23:00,Saturday 12:00 - 23:00,Sunday 12:00 - 23:00
Hotel Tourisme Avenue,https://www.tripadvisor.com/Hotel_Review-g187147-d558849-Reviews-Hotel_Tourisme_Avenue-Paris_Ile_de_France.html,"66 avenue de la Motte Picquet, 75015 Paris France",Paris - Orly Airport,9.0,mi,4.0,Merci Jérôme,Monday 7AM-8PM,Tuesday 7AM-8PM,Wednesday 7AM-8PM,Thursday 7AM-8PM,Friday 7AM-8PM,Saturday 7AM-8PM,Sunday 7AM-8PM
Novotel Paris Centre Gare Montparnasse,https://www.tripadvisor.com/Hotel_Review-g187147-d597573-Reviews-Novotel_Paris_Centre_Gare_Montparnasse-Paris_Ile_de_France.html,"17 rue du Cotentin, 75015 Paris France",Paris - Orly Airport,8.0,mi,4.0,Halle Quatre,"Monday 12:00 - 14:30, 19:00 - 22:30","Tuesday 12:00 - 14:30, 19:00 - 22:30","Wednesday 12:00 - 14:30, 19:00 - 22:30","Thursday 12:00 - 14:30, 19:00 - 22:30","Friday 12:00 - 14:30, 19:00 - 22:30",Saturday Closed,Sunday Closed
citizenM Paris Gare de Lyon,https://www.tripadvisor.com/Hotel_Review-g187147-d12455412-Reviews-CitizenM_Paris_Gare_de_Lyon_Hotel-Paris_Ile_de_France.html,"8 Rue Van Gogh, 75012 Paris France",Paris - Orly Airport,8.0,mi,3.5,canteenM,Monday 6AM-11AM12PM-11PM,Tuesday 6AM-11AM12PM-11PM,Wednesday 6AM-11AM12PM-11PM,Thursday 6AM-11AM12PM-11PM,Friday 6AM-11AM12PM-11PM,Saturday 6AM-11AM12PM-11PM,Sunday 6AM-11AM12PM-11PM
Pullman Paris Centre - Bercy,https://www.tripadvisor.com/Hotel_Review-g187147-d207838-Reviews-Pullman_Paris_Centre_Bercy-Paris_Ile_de_France.html,"1 rue de Libourne Cour Saint-Emilion, 75012 Paris France",Paris - Orly Airport,7.0,mi,4.0,Ariette - Restaurant & Bar,Monday 12:00 - 22:30,Tuesday 12:00 - 22:30,Wednesday 12:00 - 22:30,Thursday 12:00 - 22:30,Friday 12:00 - 22:30,Saturday 12:00 - 22:30,Sunday 12:00 - 22:30
25hours Hotel Terminus Nord,https://www.tripadvisor.com/Hotel_Review-g187147-d653824-Reviews-25hours_Hotel_Terminus_Nord-Paris_Ile_de_France.html,"12 boulevard de Denain, 75010 Paris France",Paris - Orly Airport,11.0,mi,4.0,Neni Paris,Monday 7:30AM-10:30AM12PM-11PM,Tuesday 7:30AM-10:30AM12PM-11PM,Wednesday 7:30AM-10:30AM12PM-11PM,Thursday 7:30AM-10:30AM12PM-11PM,Friday 7:30AM-10:30AM12PM-11PM,Saturday 7:30AM-10:30AM12PM-11PM,Sunday 7:30AM-10:30AM12PM-11PM
Hyatt Regency Paris Etoile,https://www.tripadvisor.com/Hotel_Review-g187147-d595754-Reviews-Hyatt_Regency_Paris_Etoile-Paris_Ile_de_France.html,"3 Place du General Koenig, 75017 Paris France",Paris - Orly Airport,11.0,mi,4.0,MAYO - Hyatt Regency Paris Etoile,Monday 12:00 - 22:00,Tuesday 12:00 - 22:00,Wednesday 12:00 - 22:00,Thursday 12:00 - 22:00,Friday 12:00 - 22:00,Saturday 12:00 - 22:00,Sunday 12:00 - 22:00
Hotel Quartier Latin,https://www.tripadvisor.com/Hotel_Review-g187147-d198049-Reviews-Hotel_Quartier_Latin-Paris_Ile_de_France.html,"9 rue des Ecoles, 75005 Paris France",Paris - Orly Airport,8.0,mi,3.0,Restaurant #1,Unknown,Unknown,Unknown,Unknown,Unknown,Unknown,Unknown
"The Hoxton, Paris",https://www.tripadvisor.com/Hotel_Review-g187147-d12537470-Reviews-The_Hoxton_Paris-Paris_Ile_de_France.html,"30-32 Rue du Sentier, 75002 Paris France",Paris - Orly Airport,10.0,mi,3.5,"Rivie, The Hoxton Paris",Monday 07:00 - 24:00,Tuesday 07:00 - 24:00,Wednesday 07:00 - 24:00,Thursday 07:00 - 01:00,Friday 07:00 - 01:00,Saturday 07:00 - 01:00,Sunday 07:00 - 24:00
Hotel Terminus Lyon,https://www.tripadvisor.com/Hotel_Review-g187147-d282205-Reviews-Hotel_Terminus_Lyon-Paris_Ile_de_France.html,"19 boulevard Diderot, 75012 Paris France",Paris - Orly Airport,8.0,mi,3.0,Fosca,Monday 11:30AM-10:45PM,Tuesday 11:30AM-10:45PM,Wednesday 11:30AM-10:45PM,Thursday 11:30AM-10:45PM,Friday 11:30AM-10:45PM,Saturday 11:30AM-10:45PM,Sunday 11:30AM-10:45PM
Hilton Paris Opera,https://www.tripadvisor.com/Hotel_Review-g187147-d207718-Reviews-Hilton_Paris_Opera-Paris_Ile_de_France.html,"108 Rue Saint-Lazare, 75008 Paris France",Paris - Orly Airport,10.0,mi,4.0,Le Grand Salon,Monday 7:30AM-1AM,Tuesday 7:30AM-1AM,Wednesday 7:30AM-1AM,Thursday 7:30AM-1AM,Friday 7:30AM-1AM,Saturday 10:30AM-1AM,Sunday 10:30AM-11PM
Canopy By Hilton Paris Trocadero,https://www.tripadvisor.com/Hotel_Review-g187147-d21281646-Reviews-Canopy_By_Hilton_Paris_Trocadero-Paris_Ile_de_France.html,"16 Avenue d Eylau, 75116 Paris France",Paris - Orly Airport,10.0,mi,4.0,L'Esprit Nouveau,Monday 7AM-10:30AM,Tuesday 7AM-10:30AM,Wednesday 7AM-10:30AM,Thursday 7AM-10:30AM,Friday 7AM-10:30AM,Saturday 7AM-10:30AM,Sunday 7AM-10:30AM
Hotel Westminster,https://www.tripadvisor.com/Hotel_Review-g187147-d197477-Reviews-Hotel_Westminster-Paris_Ile_de_France.html,"13 Rue de la Paix, 75002 Paris France",Paris - Orly Airport,10.0,mi,4.0,Duke’s Bar & Restaurant  – Hôtel Westminster Paris,Monday 07:00 - 23:00,Tuesday 07:00 - 23:30,Wednesday 07:00 - 23:00,Thursday 07:00 - 23:00,Friday 07:00 - 23:00,Saturday 07:00 - 24:00,Sunday 07:00 - 24:00
Courtyard by Marriott Paris Gare de Lyon,https://www.tripadvisor.com/Hotel_Review-g187147-d15243992-Reviews-Courtyard_by_Marriott_Paris_Gare_de_Lyon-Paris_Ile_de_France.html,"209 rue de Bercy, 75012 Paris France",Paris - Orly Airport,8.0,mi,4.0,Kitchen & Bar,Monday 12PM-10:30PM,Tuesday 12PM-10:30PM,Wednesday 12PM-10:30PM,Thursday 12PM-10:30PM,Friday 12PM-10:30PM,Saturday 12PM-10:30PM,Sunday 12PM-10:30PM
Paris j'Adore Hotel & Spa,https://www.tripadvisor.com/Hotel_Review-g187147-d17764705-Reviews-Paris_j_Adore_Hotel_Spa-Paris_Ile_de_France.html,"7 rue Beudant, 75017 Paris France",Paris - Orly Airport,11.0,mi,5.0,Le Restaurant j'Adore ! ,"Monday 08:00 - 11:00, 12:00 - 14:30, 19:00 - 21:30","Tuesday 08:00 - 11:00, 12:00 - 14:30, 19:00 - 21:30","Wednesday 08:00 - 11:00, 12:00 - 14:30, 19:00 - 21:30","Thursday 08:00 - 11:00, 12:00 - 14:30, 19:00 - 21:30","Friday 08:00 - 11:00, 12:00 - 14:30, 19:00 - 21:30","Saturday 08:00 - 11:00, 12:00 - 14:30, 19:00 - 21:30","Sunday 08:00 - 11:00, 12:00 - 14:30, 19:00 - 21:30"
Hyatt Paris Madeleine,https://www.tripadvisor.com/Hotel_Review-g187147-d188743-Reviews-Hyatt_Paris_Madeleine-Paris_Ile_de_France.html,"24 boulevard Malesherbes, 75008 Paris France",Paris - Orly Airport,10.0,mi,5.0,Café M,"Monday 07:00 - 10:45, 12:00 - 22:15","Tuesday 07:00 - 10:45, 12:00 - 22:15","Wednesday 07:00 - 10:45, 12:00 - 22:15","Thursday 07:00 - 10:45, 12:00 - 22:15","Friday 07:00 - 10:45, 12:00 - 22:15","Saturday 07:00 - 10:45, 12:00 - 22:15","Sunday 07:00 - 10:45, 12:00 - 22:15"
Mama Shelter Paris East,https://www.tripadvisor.com/Hotel_Review-g187147-d1149494-Reviews-Mama_Shelter_Paris_East-Paris_Ile_de_France.html,"109 rue de Bagnolet, 75020 Paris France",Paris - Orly Airport,9.0,mi,2.0,Mama Restaurant Paris East,"Monday 07:00 - 11:00, 12:00 - 15:00, 19:00 - 00:00","Tuesday 07:00 - 11:00, 12:00 - 15:00, 19:00 - 00:00","Wednesday 07:00 - 11:00, 12:00 - 15:00, 19:00 - 00:00","Thursday 07:00 - 11:00, 12:00 - 15:00","Friday 07:00 - 11:00, 12:00 - 15:00","Saturday 07:00 - 11:00, 12:00 - 15:00","Sunday 07:00 - 11:00, 12:00 - 16:00, 19:00 - 00:00"
1K Paris,https://www.tripadvisor.com/Hotel_Review-g187147-d472236-Reviews-1K_Paris-Paris_Ile_de_France.html,"13 boulevard du Temple, 75003 Paris France",Paris - Orly Airport,9.0,mi,4.0,INKA restaurant,Monday 12PM-2PM7PM-10:30PM,Tuesday 12PM-2PM7PM-10:30PM,Wednesday 12PM-2PM7PM-10:30PM,Thursday 12PM-2PM7PM-10:30PM,Friday 12PM-2PM7PM-10:30PM,Saturday 7PM-10:30PM,Sunday 12PM-2:30PM
L'Empire Paris,https://www.tripadvisor.com/Hotel_Review-g187147-d647228-Reviews-L_Empire_Paris-Paris_Ile_de_France.html,"48 rue de l Arbre Sec, 75001 Paris France",Paris - Orly Airport,9.0,mi,4.0,L'Empire Café,Unknown,Unknown,Unknown,Unknown,Unknown,Unknown,Unknown
Novotel Paris Centre Bercy,https://www.tripadvisor.com/Hotel_Review-g187147-d197487-Reviews-Novotel_Paris_Centre_Bercy-Paris_Ile_de_France.html,"85 rue de Bercy, 75012 Paris France",Paris - Orly Airport,8.0,mi,4.0,Le Paris Bercy,"Monday 12:00 - 14:30, 18:30 - 22:30","Tuesday 12:00 - 14:30, 18:30 - 22:30","Wednesday 12:00 - 14:30, 18:30 - 22:30","Thursday 12:00 - 14:30, 18:30 - 22:30","Friday 12:00 - 14:30, 18:30 - 22:30","Saturday 12:00 - 14:30, 18:30 - 22:30","Sunday 12:00 - 14:30, 18:30 - 22:30"
La Demeure Montaigne,https://www.tripadvisor.com/Hotel_Review-g187147-d261990-Reviews-La_Demeure_Montaigne-Paris_Ile_de_France.html,"18 rue Clement Marot, 75008 Paris France",Paris - Orly Airport,10.0,mi,5.0,L'Envolée,Monday 7AM-9:30PM,Tuesday 7AM-9:30PM,Wednesday 7AM-9:30PM,Thursday 7AM-9:30PM,Friday 7AM-9:30PM,Saturday 7AM-9:30PM,Sunday Closed
Hotel Montalembert,https://www.tripadvisor.com/Hotel_Review-g187147-d188736-Reviews-Hotel_Montalembert-Paris_Ile_de_France.html,"3 rue Montalembert, 75007 Paris France",Paris - Orly Airport,9.0,mi,5.0,La Brasserie Montalembert,Monday 07:30 - 22:00,Tuesday 07:30 - 22:00,Wednesday 07:30 - 22:00,Thursday 07:30 - 22:00,Friday 07:30 - 22:00,Saturday 07:30 - 22:00,Sunday - Closed
Le Grand Quartier,https://www.tripadvisor.com/Hotel_Review-g187147-d19101450-Reviews-Le_Grand_Quartier-Paris_Ile_de_France.html,"15 rue de Nancy, 75010 Paris France",Paris - Orly Airport,10.0,mi,4.0,BABINES,Monday - Closed,Tuesday 19:30 - 22:30,Wednesday 19:30 - 22:30,Thursday 19:30 - 22:30,Friday 19:30 - 22:30,Saturday 19:30 - 22:30,Sunday - Closed
Sofitel Le Scribe Paris Opera,https://www.tripadvisor.com/Hotel_Review-g187147-d197577-Reviews-Sofitel_Le_Scribe_Paris_Opera-Paris_Ile_de_France.html,"1 rue Scribe, 75009 Paris France",Paris - Orly Airport,10.0,mi,5.0,Rivages,"Monday 12:00 - 14:00, 19:00 - 22:00","Tuesday 12:00 - 14:00, 19:00 - 22:00","Wednesday 12:00 - 14:00, 19:00 - 22:00","Thursday 12:00 - 14:00, 19:00 - 22:00","Friday 12:00 - 14:00, 19:00 - 22:00",Saturday 19:00 - 22:00,Sunday 12:00 - 15:00
"Maison Souquet, Hotel & Spa",https://www.tripadvisor.com/Hotel_Review-g187147-d7182695-Reviews-Maison_Souquet_Hotel_Spa-Paris_Ile_de_France.html,"10 rue de Bruxelles, 75009 Paris France",Paris - Orly Airport,11.0,mi,5.0,Restaurant,"Monday 07:00 - 11:00, 12:00 - 15:00, 19:00 - 00:00","Tuesday 07:00 - 11:00, 12:00 - 15:00, 19:00 - 00:00","Wednesday 07:00 - 11:00, 12:00 - 15:00, 19:00 - 00:00","Thursday 07:00 - 11:00, 12:00 - 15:00","Friday 07:00 - 11:00, 12:00 - 15:00","Saturday 07:00 - 11:00, 12:00 - 15:00","Sunday 07:00 - 11:00, 12:00 - 16:00, 19:00 - 00:00"
Paris Marriott Champs Elysees Hotel,https://www.tripadvisor.com/Hotel_Review-g187147-d197935-Reviews-Paris_Marriott_Champs_Elysees_Hotel-Paris_Ile_de_France.html,"70 Avenue des Champs-Elysees, 75008 Paris France",Paris - Orly Airport,10.0,mi,5.0,Restaurant du Marriott,Monday - Closed,Tuesday - Closed,Wednesday - Closed,Thursday - Closed,Friday - Closed,Saturday - Closed,Sunday 13:00 - 15:00
Hotel Le Cardinal,https://www.tripadvisor.com/Hotel_Review-g187147-d239631-Reviews-Hotel_Le_Cardinal-Paris_Ile_de_France.html,"3 rue du Cardinal Mercier, 75009 Paris France",Paris - Orly Airport,11.0,mi,3.0,Le Cardinal,Monday 12PM-2PM6:45PM-9:30PM,Tuesday 12PM-2PM6:45PM-9:30PM,Wednesday 12PM-2PM6:45PM-9:30PM,Thursday 12PM-2PM6:45PM-9:30PM,Friday 12PM-2PM6:45PM-9:30PM,Saturday Closed,Sunday Closed
Grand Pigalle Hotel,https://www.tripadvisor.com/Hotel_Review-g187147-d1033073-Reviews-Grand_Pigalle_Hotel-Paris_Ile_de_France.html,"29 rue Victor Masse, 75009 Paris France",Paris - Orly Airport,11.0,mi,4.5,Frenchie Pigalle,Monday 12PM-2PM6:30PM-11PM,Tuesday 12PM-2PM6:30PM-11PM,Wednesday 12PM-2PM6:30PM-11PM,Thursday 12PM-2PM6:30PM-11PM,Friday 12PM-2PM6:30PM-11PM,Saturday 12PM-2:30PM6:30PM-11PM,Sunday 12PM-2:30PM6:30PM-11PM
La Villa Haussmann,https://www.tripadvisor.com/Hotel_Review-g187147-d11666465-Reviews-La_Villa_Haussmann-Paris_Ile_de_France.html,"132 boulevard Haussmann, 75008 Paris France",Paris - Orly Airport,10.0,mi,4.0,N3 Villa Haussmann,Monday 12:00 - 14:30,Tuesday 12:00 - 14:30,Wednesday 12:00 - 14:30,Thursday 12:00 - 14:30,Friday 12:00 - 14:30,Saturday - Closed,Sunday - Closed
Novotel Paris 17,https://www.tripadvisor.com/Hotel_Review-g187147-d259318-Reviews-Novotel_Paris_17-Paris_Ile_de_France.html,"34 avenue de la Porte D Asnieres, 75017 Paris France",Paris - Orly Airport,12.0,mi,4.0,Bistro Carvi ,Monday 19:00 - 22:30,Tuesday 19:00 - 22:30,Wednesday 19:00 - 22:30,Thursday 19:00 - 22:30,Friday 19:00 - 22:30,Saturday 19:00 - 22:30,Sunday 19:00 - 22:30
Hotel des Grands Boulevards,https://www.tripadvisor.com/Hotel_Review-g187147-d12995518-Reviews-Hotel_des_Grands_Boulevards-Paris_Ile_de_France.html,"17 boulevard Poissonniere, 75002 Paris France",Paris - Orly Airport,10.0,mi,4.0,Restaurant,"Monday 07:00 - 11:00, 12:00 - 15:00, 19:00 - 00:00","Tuesday 07:00 - 11:00, 12:00 - 15:00, 19:00 - 00:00","Wednesday 07:00 - 11:00, 12:00 - 15:00, 19:00 - 00:00","Thursday 07:00 - 11:00, 12:00 - 15:00","Friday 07:00 - 11:00, 12:00 - 15:00","Saturday 07:00 - 11:00, 12:00 - 15:00","Sunday 07:00 - 11:00, 12:00 - 16:00, 19:00 - 00:00"
Nolinski Paris,https://www.tripadvisor.com/Hotel_Review-g187147-d10410118-Reviews-Nolinski_Paris-Paris_Ile_de_France.html,"16 avenue de l Opera, 75001 Paris France",Paris - Orly Airport,10.0,mi,5.0,NOLINSKI Restaurant,"Monday 12:00 - 14:30, 19:00 - 22:00","Tuesday 12:00 - 14:30, 19:00 - 22:00","Wednesday 12:00 - 14:30, 19:00 - 22:00","Thursday 12:00 - 14:30, 19:00 - 22:00","Friday 12:00 - 14:30, 19:00 - 22:00","Saturday 12:00 - 14:30, 19:00 - 22:00",Sunday - Closed
Castille Paris – Starhotels Collezione,https://www.tripadvisor.com/Hotel_Review-g187147-d188739-Reviews-Castille_Paris_Starhotels_Collezione-Paris_Ile_de_France.html,"33 rue Cambon, 75001 Paris France",Paris - Orly Airport,10.0,mi,5.0,Assaggio - Hôtel Castille,Monday - Closed,"Tuesday 12:30 - 14:30, 19:30 - 22:30","Wednesday 12:30 - 14:30, 19:30 - 22:30","Thursday 12:30 - 14:30, 19:30 - 22:30","Friday 12:30 - 14:30, 19:30 - 22:30",Saturday 19:30 - 22:30,Sunday - Closed
Le Belleval,https://www.tripadvisor.com/Hotel_Review-g187147-d13568674-Reviews-Le_Belleval-Paris_Ile_de_France.html,"16 rue de la Pepiniere, 75008 Paris France",Paris - Orly Airport,10.0,mi,4.0,Le Belleval,Monday 12:00 - 14:00,Tuesday 12:00 - 14:00,Wednesday 12:00 - 14:00,Thursday 12:00 - 14:00,Friday 12:00 - 14:00,Saturday - Closed,Sunday - Closed
"Maison Astor Paris, Curio Collection by Hilton",https://www.tripadvisor.com/Hotel_Review-g187147-d229443-Reviews-Maison_Astor_Paris_Curio_Collection_by_Hilton-Paris_Ile_de_France.html,"11 Rue d’Astorg, 75008 Paris France",Paris - Orly Airport,11.0,mi,4.0,Maison Astor Paris,Monday 12:00 - 14:00,Tuesday 12:00 - 14:00,Wednesday 12:00 - 14:00,Thursday 12:00 - 14:00,Friday 12:00 - 14:00,Saturday - Closed,Sunday - Closed
Hotel Observatoire Luxembourg,https://www.tripadvisor.com/Hotel_Review-g187147-d325717-Reviews-Hotel_Observatoire_Luxembourg-Paris_Ile_de_France.html,"107 Boulevard Saint Michel, 75005 Paris France",Paris - Orly Airport,8.0,mi,4.0,Le Luco,Monday 07:00 - 22:00,Tuesday 07:00 - 22:00,Wednesday 07:00 - 22:00,Thursday 07:00 - 22:00,Friday 07:00 - 22:00,Saturday 07:00 - 22:00,Sunday - Closed
Mercure Paris Gare Montparnasse,https://www.tripadvisor.com/Hotel_Review-g187147-d269058-Reviews-Mercure_Paris_Gare_Montparnasse-Paris_Ile_de_France.html,"20 rue de la Gaite, 75014 Paris France",Paris - Orly Airport,8.0,mi,4.0,Le Bistrot Le Bistrot de l'Echanson,Monday 12PM-11PM,Tuesday 12PM-11:15PM,Wednesday 12PM-11PM,Thursday 12PM-11PM,Friday 12PM-11PM,Saturday 4PM-11PM,Sunday Closed
Renaissance Paris Arc de Triomphe Hotel,https://www.tripadvisor.com/Hotel_Review-g187147-d1229799-Reviews-Renaissance_Paris_Arc_de_Triomphe_Hotel-Paris_Ile_de_France.html,"39 avenue de Wagram, 75017 Paris France",Paris - Orly Airport,11.0,mi,5.0,SOLIS ,Monday 6:30AM-12AM,Tuesday 6:30AM-12AM,Wednesday 6:30AM-12AM,Thursday 6:30AM-12AM,Friday 6:30AM-1AM,Saturday 7AM-1AM,Sunday 7AM-12AM
Hotel Bowmann,https://www.tripadvisor.com/Hotel_Review-g187147-d14063657-Reviews-Hotel_Bowmann-Paris_Ile_de_France.html,"99 boulevard Haussmann, 75008 Paris France",Paris - Orly Airport,10.0,mi,5.0,Restaurant #1,Unknown,Unknown,Unknown,Unknown,Unknown,Unknown,Unknown
Hotel Bachaumont,https://www.tripadvisor.com/Hotel_Review-g187147-d7776432-Reviews-Hotel_Bachaumont-Paris_Ile_de_France.html,"18 rue Bachaumont, 75002 Paris France",Paris - Orly Airport,10.0,mi,4.0,Restaurant Bachaumont,Monday 7:30AM-2AM,Tuesday 7:30AM-2AM,Wednesday 7:30AM-2AM,Thursday 7:30AM-2AM,Friday 7:30AM-2AM,Saturday 7:30AM-2AM,Sunday 7:30AM-2AM
ZE Hotel,https://www.tripadvisor.com/Hotel_Review-g187147-d222916-Reviews-ZE_Hotel-Paris_Ile_de_France.html,"10, Rue de la Tour d’Auvergne, 75009 Paris France",Paris - Orly Airport,10.0,mi,3.5,Restaurant,"Monday 07:00 - 11:00, 12:00 - 15:00, 19:00 - 00:00","Tuesday 07:00 - 11:00, 12:00 - 15:00, 19:00 - 00:00","Wednesday 07:00 - 11:00, 12:00 - 15:00, 19:00 - 00:00","Thursday 07:00 - 11:00, 12:00 - 15:00","Friday 07:00 - 11:00, 12:00 - 15:00","Saturday 07:00 - 11:00, 12:00 - 15:00","Sunday 07:00 - 11:00, 12:00 - 16:00, 19:00 - 00:00"
Renaissance Paris Nobel Tour Eiffel Hotel,https://www.tripadvisor.com/Hotel_Review-g187147-d207743-Reviews-Renaissance_Paris_Nobel_Tour_Eiffel_Hotel-Paris_Ile_de_France.html,"55-57 Avenue Raymond Poincare, 75116 Paris France",Paris - Orly Airport,10.0,mi,4.0,Le relais du Parc,Monday 12PM-2:30PM7PM-10:30PM,Tuesday 12PM-2:30PM7PM-10:30PM,Wednesday 12PM-2:30PM7PM-10:30PM,Thursday 12PM-2:30PM7PM-10:30PM,Friday 12PM-2:30PM7PM-10:30PM,Saturday 7PM-10:30PM,Sunday 12:30PM-3PM
The ReMIX Hotel,https://www.tripadvisor.com/Hotel_Review-g187147-d229569-Reviews-The_ReMIX_Hotel-Paris_Ile_de_France.html,"28 T avenue Corentin Cariou, 75019 Paris France",Charles De Gaulle Airport,11.0,mi,3.0,Hippopotamus,Unknown,Unknown,Unknown,Unknown,Unknown,Unknown,Unknown
Novotel Paris Vaugirard Montparnasse,https://www.tripadvisor.com/Hotel_Review-g187147-d197658-Reviews-Novotel_Paris_Vaugirard_Montparnasse-Paris_Ile_de_France.html,"257 rue de Vaugirard, 75015 Paris France",Paris - Orly Airport,8.0,mi,4.0,Quindici Trattoria,"Monday 12:00 - 14:30, 19:00 - 23:00","Tuesday 12:00 - 14:30, 19:00 - 23:00","Wednesday 12:00 - 14:30, 19:00 - 23:00","Thursday 12:00 - 14:30, 19:00 - 23:00","Friday 12:00 - 14:30, 19:00 - 23:00",Saturday 19:00 - 23:00,Sunday 19:00 - 23:00
Sinner Paris,https://www.tripadvisor.com/Hotel_Review-g187147-d17726971-Reviews-Sinner_Paris-Paris_Ile_de_France.html,"116 rue du Temple, 75003 Paris France",Paris - Orly Airport,9.0,mi,5.0,Sinner Paris,Monday 7AM-12AM,Tuesday 7AM-12AM,Wednesday 7AM-12AM,Thursday 7AM-12AM,Friday 7AM-12AM,Saturday 7AM-12AM,Sunday 7AM-12AM
citizenM Paris Opera,https://www.tripadvisor.com/Hotel_Review-g187147-d25311003-Reviews-CitizenM_Paris_Opera-Paris_Ile_de_France.html,"18 rue du Croissant, 75002 Paris France",Paris - Orly Airport,10.0,mi,4.5,canteenM,Monday 6AM-11AM12PM-11PM,Tuesday 6AM-11AM12PM-11PM,Wednesday 6AM-11AM12PM-11PM,Thursday 6AM-11AM12PM-11PM,Friday 6AM-11AM12PM-11PM,Saturday 6AM-11AM12PM-11PM,Sunday 6AM-11AM12PM-11PM
Hotel Panache,https://www.tripadvisor.com/Hotel_Review-g187147-d285254-Reviews-Hotel_Panache-Paris_Ile_de_France.html,"1 rue Geoffroy Marie, 75009 Paris France",Paris - Orly Airport,10.0,mi,3.0,Hôtel Panache Paris,Monday 12PM-3PM7:30PM-10:30PM,Tuesday 12PM-3PM7:30PM-10:30PM,Wednesday 12PM-3PM7:30PM-10:30PM,Thursday 12PM-3PM7:30PM-10:30PM,Friday 12PM-3PM7:30PM-10:30PM,Saturday 12PM-3PM7:30PM-10:30PM,Sunday Closed
Paris Marriott Opera Ambassador Hotel,https://www.tripadvisor.com/Hotel_Review-g187147-d197578-Reviews-Paris_Marriott_Opera_Ambassador_Hotel-Paris_Ile_de_France.html,"16 Boulevard Haussmann, 75009 Paris France",Paris - Orly Airport,10.0,mi,4.0,Sixtine,"Monday 12:30 - 14:00, 18:30 - 22:00","Tuesday 12:30 - 14:00, 18:30 - 22:00","Wednesday 12:30 - 14:00, 18:30 - 22:00","Thursday 12:30 - 14:00, 18:30 - 22:00","Friday 12:30 - 14:00, 18:30 - 22:00",Saturday 18:30 - 22:00,Sunday - Closed
Novotel Paris 20 Belleville,https://www.tripadvisor.com/Hotel_Review-g187147-d19888020-Reviews-Novotel_Paris_20_Belleville-Paris_Ile_de_France.html,"64 74 Boulevard De Belleville, 75019 Paris France",Paris - Orly Airport,10.0,mi,4.0,Mozami Belleville,"Monday 12:00 - 14:30, 19:00 - 22:30","Tuesday 12:00 - 14:30, 19:00 - 22:30","Wednesday 12:00 - 14:30, 19:00 - 22:30","Thursday 12:00 - 14:30, 19:00 - 22:30","Friday 12:00 - 14:30, 19:00 - 22:30",Saturday 19:00 - 22:30,"Sunday 11:00 - 14:30, 19:00 - 22:30"
Hotel Pulitzer Paris,https://www.tripadvisor.com/Hotel_Review-g187147-d197475-Reviews-Hotel_Pulitzer_Paris-Paris_Ile_de_France.html,"23 rue du Faubourg Montmartre, 75009 Paris France",Paris - Orly Airport,10.0,mi,3.5,Restaurante #1,Unknown,Unknown,Unknown,Unknown,Unknown,Unknown,Unknown
Hotel Trema,https://www.tripadvisor.com/Hotel_Review-g187147-d8552241-Reviews-Hotel_Trema-Paris_Ile_de_France.html,"189 rue de Crimee, 75019 Paris France",Paris - Orly Airport,11.0,mi,3.0,Restaurant Trema,Monday 12:00 - 14:30,Tuesday 12:00 - 14:30,Wednesday 12:00 - 14:30,Thursday 12:00 - 14:30,Friday 12:00 - 14:30,Saturday - Closed,Sunday - Closed
Hotel Eldorado,https://www.tripadvisor.com/Hotel_Review-g187147-d236438-Reviews-Hotel_Eldorado-Paris_Ile_de_France.html,"18 rue des Dames, 75017 Paris France",Paris - Orly Airport,11.0,mi,5.0,Restaurant,"Monday 07:00 - 11:00, 12:00 - 15:00, 19:00 - 00:00","Tuesday 07:00 - 11:00, 12:00 - 15:00, 19:00 - 00:00","Wednesday 07:00 - 11:00, 12:00 - 15:00, 19:00 - 00:00","Thursday 07:00 - 11:00, 12:00 - 15:00","Friday 07:00 - 11:00, 12:00 - 15:00","Saturday 07:00 - 11:00, 12:00 - 15:00","Sunday 07:00 - 11:00, 12:00 - 16:00, 19:00 - 00:00"
Novotel Paris Centre Tour Eiffel,https://www.tripadvisor.com/Hotel_Review-g187147-d233528-Reviews-Novotel_Paris_Centre_Tour_Eiffel-Paris_Ile_de_France.html,"61 Quai de Grenelle, 75015 Paris France",Paris - Orly Airport,9.0,mi,4.0,GREEM,Closed,Closed,Closed,Closed,Closed,Closed,Closed
La Fantaisie,https://www.tripadvisor.com/Hotel_Review-g187147-d25456624-Reviews-La_Fantaisie-Paris_Ile_de_France.html,"24 rue Cadet, 75009 Paris France",Paris - Orly Airport,10.0,mi,5.0,Golden Poppy,Monday 12PM-2PM7PM-10:30PM,Tuesday 12PM-2PM7PM-10:30PM,Wednesday 12PM-2PM7PM-10:30PM,Thursday 12PM-2PM7PM-10:30PM,Friday 12PM-2PM7PM-10:30PM,Saturday 12PM-2PM7PM-10:30PM,Sunday 12PM-2PM7PM-10:30PM
Mercure Paris Gare Montparnasse TGV,https://www.tripadvisor.com/Hotel_Review-g187147-d483116-Reviews-Mercure_Paris_Gare_Montparnasse_TGV-Paris_Ile_de_France.html,"40 rue du Commandant Rene Mouchotte Place de Catalogne, 75014 Paris France",Paris - Orly Airport,8.0,mi,4.0,Restaurant Le ô'40,Monday 12PM-10:30PM,Tuesday 12PM-10:30PM,Wednesday 12PM-10:30PM,Thursday 12PM-10:30PM,Friday 12PM-10:30PM,Saturday Closed,Sunday Closed
Hilton Garden Inn Paris La Villette,https://www.tripadvisor.com/Hotel_Review-g187147-d25182754-Reviews-Hilton_Garden_Inn_Paris_La_Villette-Paris_Ile_de_France.html,"27 quai de la Gironde, 75019 Paris France",Charles De Gaulle Airport,11.0,mi,3.0,Babette,Monday 12:00 - 14:00,Tuesday 12:00 - 14:00,Wednesday 12:00 - 14:00,Thursday 12:00 - 14:00,Friday 12:00 - 14:00,Saturday - Closed,Sunday - Closed
Maison Villeroy,https://www.tripadvisor.com/Hotel_Review-g187147-d17854077-Reviews-Maison_Villeroy-Paris_Ile_de_France.html,"33 rue Jean Goujon, 75008 Paris France",Paris - Orly Airport,10.0,mi,5.0,Trente-trois,Monday Closed,Tuesday 12PM-3PM7:30PM-10PM,Wednesday 12PM-3PM7:30PM-10PM,Thursday 12PM-3PM7:30PM-10PM,Friday 12PM-3PM7:30PM-10PM,Saturday 9AM-10PM,Sunday Closed
Hotel Esperance,https://www.tripadvisor.com/Hotel_Review-g187147-d650064-Reviews-Hotel_Esperance-Paris_Ile_de_France.html,"45 rue de la Gaite, 75014 Paris France",Paris - Orly Airport,8.0,mi,2.0,Taverne Espérance,Unknown,Unknown,Unknown,Unknown,Unknown,Unknown,Unknown
Dandy Hotel & Kitchen,https://www.tripadvisor.com/Hotel_Review-g187147-d23765200-Reviews-Dandy_Hotel_Kitchen-Paris_Ile_de_France.html,"86 rue Saint Denis, 75001 Paris France",Paris - Orly Airport,9.0,mi,4.0,Dandy Hôtel & Kitchen,Monday 07:00 - 24:00,Tuesday 07:00 - 24:00,Wednesday 07:00 - 24:00,Thursday 12:00 - 22:00,Friday 12:00 - 22:00,Saturday 12:00 - 22:00,Sunday 12:00 - 22:00
Zoku Paris,https://www.tripadvisor.com/Hotel_Review-g187147-d25425566-Reviews-Zoku_Paris-Paris_Ile_de_France.html,"48 Avenue De La Porte De Clichy, 75017 Paris France",Paris - Orly Airport,12.0,mi,4.0,Living Kitchen,Monday 7AM-10PM,Tuesday 7AM-10PM,Wednesday 7AM-10PM,Thursday 7AM-10PM,Friday 7AM-10PM,Saturday 8AM-10PM,Sunday 8AM-10PM
YOOMA Urban Lodge,https://www.booking.com/hotel/fr/yooma-urban-lodge.en-gb.html?aid=304142&label=gen173nr-1FCAQoggJCGHNlYXJjaF95b29tYSB1cmJhbiBsb2RnZUgJWARo-wGIAQGYAQm4ARfIAQzYAQHoAQH4AQOIAgGoAgO4AszH56kGwAIB0gIkOGI4YzIzMmMtZTBhNy00ZGVhLTkwNjQtNDA2Y2IyM2M5YzRh2AIF4AIB&ucfs=1&arphpl=1&group_adults=2&req_adults=2&no_rooms=1&group_children=0&req_children=0&hpos=1&hapos=1&sr_order=popularity&srpvid=7c9f1be622d00037&srepoch=1698292685&from_sustainable_property_sr=1&from=searchresults#hotelTmpl,"51 Quai de Grenelle, 15th arr., 75015 Paris, France",Paris - Orly Airport,13.0,km,3.0,POLICHINELLE,Monday 12PM-2:30PM7:30PM-10:30PM,Tuesday 12PM-2:30PM7:30PM-10:30PM,Wednesday 12PM-2:30PM7:30PM-10:30PM,Thursday 12PM-2:30PM7:30PM-10:30PM,Friday 12PM-2:30PM7:30PM-10:30PM,Saturday 11:30AM-3PM7:30PM-10:30PM,Sunday 11:30AM-3PM
Grand Powers Hotel,https://www.booking.com/hotel/fr/grand-powers.en-gb.html?aid=304142&label=gen173nr-1FCAQoggJCGXNlYXJjaF9ob3RlbCBncmFuZCBwb3dlcnNICVgEaPsBiAEBmAEJuAEXyAEM2AEB6AEB-AEDiAIBqAIDuALZx-epBsACAdICJGM3NTg1NGE3LTU5NjgtNDdmOC05ZDg4LTc2NjNmNDhhMDEyZNgCBeACAQ&ucfs=1&arphpl=1&group_adults=2&req_adults=2&no_rooms=1&group_children=0&req_children=0&hpos=1&hapos=1&sr_order=popularity&srpvid=f0811becbd010001&srepoch=1698292698&from_sustainable_property_sr=1&from=searchresults#hotelTmpl,"52 rue Francois 1er, 8th arr., 75008 Paris, France",Paris - Le Bourget Airport,12.0,km,5.0,Café 52,Monday 07:00 - 21:30,Tuesday 07:00 - 21:30,Wednesday 07:00 - 21:30,Thursday 07:00 - 21:30,Friday 07:00 - 21:30,Saturday 07:00 - 21:30,Sunday 07:00 - 21:30
Four Seasons Hotel George V Paris,https://www.booking.com/hotel/fr/four-seasons-george-v-paris.en-gb.html?aid=304142&label=gen173nr-1FCAQoggJCInNlYXJjaF9mb3VyIHNlYXNvbnMgaG90ZWwgZ2VvcmdlIHZICVgEaPsBiAEBmAEJuAEXyAEM2AEB6AEB-AEDiAIBqAIDuALzx-epBsACAdICJGJmZDkyMGZiLWE0MjItNDg1Zi05ZjAwLWE5YTY2ZDVmNGEyZtgCBeACAQ&ucfs=1&arphpl=1&group_adults=2&req_adults=2&no_rooms=1&group_children=0&req_children=0&hpos=1&hapos=1&sr_order=popularity&srpvid=9c5c1bf9804b013e&srepoch=1698292724&from_sustainable_property_sr=1&from=searchresults#hotelTmpl,"31, Avenue George V, 8th arr., 75008 Paris, France",Paris - Le Bourget Airport,12.0,km,5.0,Le Cinq ,Monday - Closed,Tuesday 19:00 - 22:00,Wednesday 19:00 - 22:00,Thursday 19:00 - 22:00,Friday 19:00 - 22:00,Saturday 19:00 - 22:00,Sunday - Closed
Hôtel Monsieur Aristide,https://www.booking.com/hotel/fr/monsieur-aristide-paris1.en-gb.html?aid=304142&label=gen173nr-1FCAQoggJCHnNlYXJjaF9ob3RlbCBtb25zaWV1ciBhcmlzdGlkZUgJWARo-wGIAQGYAQm4ARfIAQzYAQHoAQH4AQOIAgGoAgO4AoHI56kGwAIB0gIkNzdkNjc4YTktZmRmYi00ZjgzLWIwNmYtNmNjNDFkZjk0MDRm2AIF4AIB&ucfs=1&arphpl=1&group_adults=2&req_adults=2&no_rooms=1&group_children=0&req_children=0&hpos=1&hapos=1&sr_order=popularity&srpvid=7b541c0002610061&srepoch=1698292738&from_sustainable_property_sr=1&from=searchresults#hotelTmpl,"3 Rue Aristide Bruant, 18th arr., 75018 Paris, France",Paris - Le Bourget Airport,9.0,km,4.0,Le Café Aristide,Monday Closed,Tuesday 5PM-10:30PM,Wednesday 5PM-10:30PM,Thursday 5PM-10:30PM,Friday 5PM-10:30PM,Saturday 12PM-3PM5PM-10:30PM,Sunday 12PM-3PM
Novotel Paris Gare De Lyon,https://www.booking.com/hotel/fr/novotel-gare-de-lyon.en-gb.html?aid=304142&label=gen173nr-1FCAQoggJCIXNlYXJjaF9ub3ZvdGVsIHBhcmlzIGdhcmUgZGUgbHlvbkgJWARo-wGIAQGYAQm4ARfIAQzYAQHoAQH4AQOIAgGoAgO4Ao7I56kGwAIB0gIkNTQ4N2JiOWUtZWJmMi00NDVkLWFkNDMtNTY0NmNmMmQ4MWVl2AIF4AIB&ucfs=1&arphpl=1&group_adults=2&req_adults=2&no_rooms=1&group_children=0&req_children=0&hpos=1&hapos=1&sr_order=popularity&srpvid=94301c077e7b00a7&srepoch=1698292751&from_sustainable_property_sr=1&from=searchresults#hotelTmpl,"2 Rue Hector Malot, 12th arr., 75012 Paris, France",Paris - Orly Airport,11.0,km,4.0,Olicéa,"Monday 12:00 - 14:30, 19:00 - 22:30","Tuesday 12:00 - 14:30, 19:00 - 22:30","Wednesday 12:00 - 14:30, 19:00 - 22:30","Thursday 12:00 - 14:30, 19:00 - 22:30","Friday 12:00 - 14:30, 19:00 - 22:30",Saturday 19:00 - 22:30,Sunday 19:00 - 22:30
Novotel Paris 14 Porte d'Orléans,https://www.booking.com/hotel/fr/paris-porte-d-orleans.en-gb.html?aid=304142&label=gen173nr-1FCAQoggJCJ3NlYXJjaF9ub3ZvdGVsIHBhcmlzIDE0IHBvcnRlIGQnb3JsZWFuc0gJWARo-wGIAQGYAQm4ARfIAQzYAQHoAQH4AQOIAgGoAgO4ApPI56kGwAIB0gIkMTdkNDY4ZTktYmY0MS00YjMxLWIyOWYtOWJjMzg2YzExN2Fk2AIF4AIB&ucfs=1&arphpl=1&group_adults=2&req_adults=2&no_rooms=1&group_children=0&req_children=0&hpos=1&hapos=1&sr_order=popularity&srpvid=d7281c0910a5001c&srepoch=1698292757&from_sustainable_property_sr=1&from=searchresults#hotelTmpl,"15, Boulevard Romain Rolland, 14th arr., 75014 Paris, France",Paris - Orly Airport,9.0,km,4.0,DODA,Monday 12PM-2:30PM7PM-10:30PM,Tuesday 12PM-2:30PM7PM-10:30PM,Wednesday 12PM-2:30PM7PM-10:30PM,Thursday 12PM-2:30PM7PM-10:30PM,Friday 12PM-2:30PM7PM-10:30PM,Saturday 7PM-10:30PM,Sunday 7PM-10:30PM
Hôtel Alfred Sommier,https://www.booking.com/hotel/fr/alfred-sommier.en-gb.html?aid=304142&label=gen173nr-1FCAQoggJCG3NlYXJjaF9ob3RlbCBhbGZyZWQgc29tbWllckgJWARo-wGIAQGYAQm4ARfIAQzYAQHoAQH4AQOIAgGoAgO4ApjI56kGwAIB0gIkOGY2NjA4OWUtNjFlMC00Y2Q1LWJjOGUtMzc1NTVhZmMxM2Jj2AIF4AIB&ucfs=1&arphpl=1&group_adults=2&req_adults=2&no_rooms=1&group_children=0&req_children=0&hpos=1&hapos=1&sr_order=popularity&srpvid=6d4d1c0c8ebe008b&srepoch=1698292761&from=searchresults#hotelTmpl,"20 Rue de l'Arcade, 8th arr., 75008 Paris, France",Paris - Le Bourget Airport,11.0,km,5.0,Les Caryatides,Monday - Closed,"Tuesday 12:00 - 14:30, 19:30 - 21:30","Wednesday 12:00 - 14:30, 19:30 - 21:30","Thursday 12:00 - 14:30, 19:30 - 21:30","Friday 12:00 - 14:30, 19:30 - 21:30","Saturday 12:00 - 14:30, 19:30 - 21:30",Sunday - Closed
Le Narcisse Blanc,https://www.booking.com/hotel/fr/le-narcisse-blanc.en-gb.html?aid=304142&label=gen173nr-1FCAQoggJCH3NlYXJjaF9sZSBuYXJjaXNzZSBibGFuYyBob3RlbCBICVgEaPsBiAEBmAEJuAEXyAEM2AEB6AEB-AEDiAIBqAIDuAKtyOepBsACAdICJDFhM2VjYmQyLWRmY2ItNDlkZC05ZGRjLTk1OTY5ZjYwYTk4ZtgCBeACAQ&ucfs=1&arphpl=1&group_adults=2&req_adults=2&no_rooms=1&group_children=0&req_children=0&hpos=1&hapos=1&sr_order=popularity&srpvid=65fb1c16a426022d&srepoch=1698292783&from_sustainable_property_sr=1&from=searchresults#hotelTmpl,"19 Boulevard De La Tour Maubourg, 7th arr., 75007 Paris, France",Paris - Le Bourget Airport,12.0,km,5.0,Cléo,"Monday 12:00 - 14:00, 19:00 - 21:30","Tuesday 12:00 - 14:00, 19:00 - 21:30","Wednesday 12:00 - 14:00, 19:00 - 21:30","Thursday 12:00 - 14:00, 19:00 - 21:30","Friday 12:00 - 14:00, 19:00 - 21:30","Saturday 12:00 - 14:00, 19:00 - 21:30","Sunday 12:00 - 14:00, 19:00 - 21:30"
Fauchon l'Hôtel Paris,https://www.booking.com/hotel/fr/fauchon-l-39.en-gb.html?aid=304142&label=gen173nr-1FCAQoggJCHHNlYXJjaF9mYXVjaG9uIGwnaG90ZWwgcGFyaXNICVgEaPsBiAEBmAEJuAEXyAEM2AEB6AEB-AEDiAIBqAIDuAKyyOepBsACAdICJDg3MGYzZTRiLTMwZTMtNDU4Ni04ODkzLWFlOWFkNThlNWZhN9gCBeACAQ&ucfs=1&arphpl=1&group_adults=2&req_adults=2&no_rooms=1&group_children=0&req_children=0&hpos=1&hapos=1&sr_order=popularity&srpvid=b3481c19d7090002&srepoch=1698292787&from_sustainable_property_sr=1&from=searchresults#hotelTmpl,"4 Boulevard Malesherbes, 8th arr., 75008 Paris, France",Paris - Le Bourget Airport,11.0,km,5.0,Le Grand Café Fauchon,"Monday 08:00 - 10:00, 12:00 - 21:30","Tuesday 08:00 - 10:00, 12:00 - 21:30","Wednesday 08:00 - 10:00, 12:00 - 21:30","Thursday 08:00 - 10:00, 12:00 - 21:30","Friday 08:00 - 10:00, 12:00 - 21:30","Saturday 08:00 - 10:00, 12:00 - 21:30","Sunday 08:00 - 10:00, 12:00 - 21:30"
Le Pavillon de la Reine & Spa,https://www.booking.com/hotel/fr/le-pavillon-de-la-reine.en-gb.html?aid=304142&label=gen173nr-1FCAQoggJCHnNlYXJjaF9sZSBwYXZpbGxvbiBkZSBsYSByZWluZUgJWARo-wGIAQGYAQm4ARfIAQzYAQHoAQH4AQOIAgGoAgO4Ar3I56kGwAIB0gIkMGMwOTk3MDYtM2QxZS00ZWYzLTk1ZjktYzRlYWJkYzE5ZWEw2AIF4AIB&ucfs=1&arphpl=1&group_adults=2&req_adults=2&no_rooms=1&group_children=0&req_children=0&hpos=1&hapos=1&sr_order=popularity&srpvid=91741c1e20b20330&srepoch=1698292798&from_sustainable_property_sr=1&from=searchresults#hotelTmpl,"28 place des Vosges, 3rd arr., 75003 Paris, France",Paris - Le Bourget Airport,10.0,km,5.0,Anne,Monday - Closed,Tuesday - Closed,"Wednesday 12:30 - 14:15, 19:00 - 21:45","Thursday 12:30 - 14:15, 19:00 - 21:45","Friday 12:30 - 14:15, 19:00 - 21:45","Saturday 12:30 - 14:15, 19:00 - 21:45",Sunday 12:30 - 14:15
Chouchou Hotel,https://www.booking.com/hotel/fr/chouchou-paris.en-gb.html?aid=304142&label=gen173nr-1FCAQoggJCD3NlYXJjaF9jaG91Y2hvdUgJWARo-wGIAQGYAQm4ARfIAQzYAQHoAQH4AQOIAgGoAgO4AtnI56kGwAIB0gIkNjk3ZDk1MGEtNTEyYS00OTliLWFlNGQtNzQ2Mzg0ZmI0N2Ez2AIF4AIB&ucfs=1&arphpl=1&group_adults=2&req_adults=2&no_rooms=1&group_children=0&req_children=0&hpos=1&hapos=1&sr_order=popularity&srpvid=eda11c2cd9b9004f&srepoch=1698292826&from_sustainable_property_sr=1&from=searchresults#hotelTmpl,"11 Rue du Helder, 9th arr., 75009 Paris, France",Paris - Le Bourget Airport,10.0,km,4.0,Chouchou Bar Guinguette,Monday 07:00 - 13:45,Tuesday 07:00 - 13:45,Wednesday 07:00 - 13:45,Thursday 07:00 - 13:45,Friday 07:00 - 13:45,Saturday 07:00 - 14:15,Sunday 07:00 - 14:15
M Social Hotel Paris Opera,https://www.booking.com/hotel/fr/millenium-hotel-paris-opera.en-gb.html?aid=304142&label=gen173nr-1FCAQoggJCG3NlYXJjaF9tIHNvY2lhbCBob3RlbCBwYXJpc0gJWARo-wGIAQGYAQm4ARfIAQzYAQHoAQH4AQOIAgGoAgO4AoTJ56kGwAIB0gIkZmJlMjdmYzYtYTVhYi00ZDE5LWIzNzQtNjFjMmMyOGYxMDg22AIF4AIB&ucfs=1&arphpl=1&group_adults=2&req_adults=2&no_rooms=1&group_children=0&req_children=0&hpos=1&hapos=1&sr_order=popularity&srpvid=5a9a1c4217930059&srepoch=1698292869&from_sustainable_property_sr=1&from=searchresults#hotelTmpl,"12 Boulevard Haussmann, 9th arr., 75009 Paris, France",Paris - Le Bourget Airport,10.0,km,4.0,Brasserie Haussmann,Unknown,Unknown,Unknown,Unknown,Unknown,Unknown,Unknown
Monsieur George Hotel & Spa - Champs-Elysées,https://www.booking.com/hotel/fr/monsieur-george-amp-spa-champs-elysees.en-gb.html?aid=304142&label=gen173nr-1FCAQoggJCHXNlYXJjaF9tb25zaWV1ciBnZW9yZ2UgaG90ZWwgSAlYBGj7AYgBAZgBCbgBF8gBDNgBAegBAfgBA4gCAagCA7gCmMnnqQbAAgHSAiQxOTVkOTgwNy0wYTUyLTRkZTktYThjOS1hMDY2MDFlMjVlODfYAgXgAgE&ucfs=1&arphpl=1&group_adults=2&req_adults=2&no_rooms=1&group_children=0&req_children=0&hpos=1&hapos=1&sr_order=popularity&srpvid=f6c81c4c9cec0016&srepoch=1698292889&from_sustainable_property_sr=1&from=searchresults#hotelTmpl,"17 Rue Washington, 8th arr., 75008 Paris, France",Paris - Le Bourget Airport,12.0,km,5.0,Galanga,Monday - Closed,Tuesday 19:00 - 21:30,Wednesday 19:00 - 21:30,Thursday 19:00 - 21:30,Friday 19:00 - 21:30,Saturday 19:00 - 21:30,Sunday - Closed
Renaissance Paris Republique Hotel & Spa,https://www.booking.com/hotel/fr/renaissance-paris-republique.en-gb.html?aid=304142&label=gen173nr-1FCAQoggJCKXNlYXJjaF9yZW5haXNzYW5jZSBwYXJpcyByZXB1YmxpcXVlIGhvdGVsSAlYBGj7AYgBAZgBCbgBF8gBDNgBAegBAfgBA4gCAagCA7gCqcnnqQbAAgHSAiQ3Y2IzOWE5Ny1jNjI4LTQ3ZGMtYjAwNy1jOTIyZGJiODJjY2LYAgXgAgE&ucfs=1&arphpl=1&group_adults=2&req_adults=2&no_rooms=1&group_children=0&req_children=0&hpos=1&hapos=1&sr_order=popularity&srpvid=09691c54348001bb&srepoch=1698292906&from_sustainable_property_sr=1&from=searchresults#hotelTmpl,"40 Rue Rene Boulanger, 10th arr., 75010 Paris, France",Paris - Le Bourget Airport,9.0,km,5.0,Restaurant Martin Paris,Monday 6:30AM-10:30PM,Tuesday 6:30AM-10:30PM,Wednesday 6:30AM-10:30PM,Thursday 6:30AM-10:30PM,Friday 6:30AM-10:30PM,Saturday 7AM-11AM12PM-3:30PM6:30PM-11:30PM,Sunday 7AM-11AM12PM-3:30PM6:30PM-11:30PM
Le Meurice – Dorchester Collection,https://www.booking.com/hotel/fr/le-meurice-paris.en-gb.html?aid=304142&label=gen173nr-1FCAQoggJCEXNlYXJjaF9sZSBtZXVyaWNlSAlYBGj7AYgBAZgBCbgBF8gBDNgBAegBAfgBA4gCAagCA7gC1MnnqQbAAgHSAiQ1OWRiNjdjNS05ZmQ5LTRjOTEtYTcyMy1jMzgxOGU4OThhOGXYAgXgAgE&ucfs=1&arphpl=1&group_adults=2&req_adults=2&no_rooms=1&group_children=0&req_children=0&hpos=1&hapos=1&sr_order=popularity&srpvid=ec501c6ab42e000b&srepoch=1698292949&from_sustainable_property_sr=1&from=searchresults#hotelTmpl,"228, Rue De Rivoli, 1st arr., 75001 Paris, France",Paris - Le Bourget Airport,11.0,km,5.0,Le Meurice Alain Ducass,"Monday 12:00 - 14:30, 15:30 - 17:30, 19:30 - 21:30","Tuesday 12:00 - 14:30, 15:30 - 17:30, 19:30 - 21:30","Wednesday 12:00 - 14:30, 15:30 - 17:30, 19:30 - 21:30","Thursday 12:00 - 14:30, 15:30 - 17:30, 19:30 - 21:30","Friday 12:00 - 14:30, 15:30 - 17:30, 19:30 - 21:30","Saturday 12:00 - 14:30, 15:30 - 17:30, 19:30 - 21:30","Sunday 12:15 - 14:30, 16:30 - 17:30, 19:30 - 21:30"
Hotel Parister & Spa,https://www.booking.com/hotel/fr/parister.en-gb.html?aid=304142&label=gen173nr-1FCAQoggJCFXNlYXJjaF9ob3RlbCBwYXJpc3RlckgJWARo-wGIAQGYAQm4ARfIAQzYAQHoAQH4AQOIAgGoAgO4At7J56kGwAIB0gIkNGI0OWVjMTEtZWQyNy00N2M2LTlhNzQtMGZhZWRlMmZmMzhk2AIF4AIB&ucfs=1&arphpl=1&group_adults=2&req_adults=2&no_rooms=1&group_children=0&req_children=0&hpos=1&hapos=1&sr_order=popularity&srpvid=e6511c6faaa600b7&srepoch=1698292959&from_sustainable_property_sr=1&from=searchresults#hotelTmpl,"19 Rue Saulnier, 9th arr., 75009 Paris, France",Paris - Le Bourget Airport,9.0,km,5.0,Restaurant Les Passerelles,Monday 12:00 - 14:30,"Tuesday 12:00 - 14:30, 18:00 - 23:00","Wednesday 12:00 - 14:30, 18:00 - 23:00","Thursday 12:00 - 14:30, 18:00 - 23:00","Friday 12:00 - 14:30, 18:00 - 23:00",Saturday 18:00 - 23:00,Sunday - Closed
Maison Albar Hotels - Le Vendome,https://www.booking.com/hotel/fr/maison-albar-hotels-le-diamond.en-gb.html?aid=304142&label=gen173nr-1FCAQoggJCJXNlYXJjaF9tYWlzb24gYWxiYXIgaG90ZWxzIGxlIHZlbmRvbWVICVgEaPsBiAEBmAEJuAEXyAEM2AEB6AEB-AEDiAIBqAIDuALyyeepBsACAdICJDRjNWQ2OGRlLWJhYzYtNGVhMi05OTZhLWJiZTM2MDc4ZjE5Y9gCBeACAQ&ucfs=1&arphpl=1&group_adults=2&req_adults=2&no_rooms=1&group_children=0&req_children=0&hpos=1&hapos=1&sr_order=popularity&srpvid=6fac1c79055200fb&srepoch=1698292979&from_sustainable_property_sr=1&from=searchresults#hotelTmpl,"7 Rue du Helder, 9th arr., 75009 Paris, France",Paris - Le Bourget Airport,10.0,km,5.0,Yakuza by Olivier Paris,Monday - Closed,"Tuesday 12:00 - 14:30, 19:00 - 22:30","Wednesday 12:00 - 14:30, 19:00 - 22:30","Thursday 12:00 - 14:30, 19:00 - 22:30","Friday 12:00 - 14:30, 19:00 - 22:30","Saturday 12:00 - 14:30, 19:00 - 22:30",Sunday 12:00 - 14:30
Hotel de Nell,https://www.booking.com/hotel/fr/de-nell.en-gb.html?aid=304142&label=gen173nr-1FCAQoggJCFHNlYXJjaF9ob3RlbCBkZSBuZWxsSAlYBGj7AYgBAZgBCbgBF8gBDNgBAegBAfgBA4gCAagCA7gC_MnnqQbAAgHSAiQ0MDFmMDZmMy04ZTI0LTRhNDYtOTdiNS0wYjQ2MTg5ODUxOTXYAgXgAgE&ucfs=1&arphpl=1&group_adults=2&req_adults=2&no_rooms=1&group_children=0&req_children=0&hpos=1&hapos=1&sr_order=popularity&srpvid=0aab1c7e376d0001&srepoch=1698292990&from_sustainable_property_sr=1&from=searchresults#hotelTmpl,"7/9 rue du Conservatoire, 9th arr., 75009 Paris, France",Paris - Le Bourget Airport,9.0,km,5.0,Les Retrouvailles,Monday 07:00 - 10:30,"Tuesday 07:00 - 10:30, 12:00 - 14:30","Wednesday 07:00 - 10:30, 12:00 - 14:30","Thursday 07:00 - 10:30, 12:00 - 14:30","Friday 07:00 - 10:30, 12:00 - 14:30","Saturday 07:00 - 10:30, 12:00 - 14:30",Sunday 07:00 - 10:30
Hotel The Peninsula Paris,https://www.booking.com/hotel/fr/the-peninsula-paris.en-gb.html?aid=304142&label=gen173nr-1FCAQoggJCGnNlYXJjaF90aGUgcGVuaW5zdWxhIHBhcmlzSAlYBGj7AYgBAZgBCbgBF8gBDNgBAegBAfgBA4gCAagCA7gChcrnqQbAAgHSAiRjZDhjZTI1YS1lOTg2LTQ2ZTYtOGEyNi1mZTAwYzVkNDBmMzDYAgXgAgE&ucfs=1&arphpl=1&group_adults=2&req_adults=2&no_rooms=1&group_children=0&req_children=0&hpos=1&hapos=1&sr_order=popularity&srpvid=91a41c8265ea0200&srepoch=1698292999&from_sustainable_property_sr=1&from=searchresults#hotelTmpl,"19 avenue Kleber, 16th arr., 75116 Paris, France",Paris - Le Bourget Airport,12.0,km,5.0,Le Lobby,Monday 12:00 - 14:00,Tuesday 12:00 - 14:00,Wednesday 12:00 - 14:00,Thursday 12:00 - 14:00,Friday 12:00 - 14:00,Saturday 12:00 - 14:00,Sunday 12:00 - 14:30
Hôtel Amastan Paris,https://www.booking.com/hotel/fr/amastan-paris.en-gb.html?aid=304142&label=gen173nr-1FCAQoggJCFHNlYXJjaF9hbWFzdGFuIHBhcmlzSAlYBGj7AYgBAZgBCbgBF8gBDNgBAegBAfgBA4gCAagCA7gClcvnqQbAAgHSAiQxNmU2MjA2Mi0yNWZiLTRiZDgtYWU2MS0zYmZmZGFhNjdiOWTYAgXgAgE&ucfs=1&arphpl=1&group_adults=2&req_adults=2&no_rooms=1&group_children=0&req_children=0&hpos=1&hapos=1&sr_order=popularity&srpvid=d62b1cca984f0124&srepoch=1698293142&from_sustainable_property_sr=1&from=searchresults#hotelTmpl,"34 rue Jean Mermoz, 8th arr., 75008 Paris, France",Paris - Le Bourget Airport,11.0,km,4.0,Anouk,Unknown,Unknown,Unknown,Unknown,Unknown,Unknown,Unknown
Maison Bréguet,https://www.booking.com/hotel/fr/maison-breguet-paris.en-gb.html?aid=304142&label=gen173nr-1FCAQoggJCFXNlYXJjaF9tYWlzb24gYnJlZ3VldEgJWARo-wGIAQGYAQm4ARfIAQzYAQHoAQH4AQOIAgGoAgO4AqTL56kGwAIB0gIkMDk5NWMyYjQtNzgzNS00NWVhLWE1YzctODkxZDc4ZDgyYWEz2AIF4AIB&ucfs=1&arphpl=1&group_adults=2&req_adults=2&no_rooms=1&group_children=0&req_children=0&hpos=1&hapos=1&sr_order=popularity&srpvid=a0ff1cd2fb0b0041&srepoch=1698293157&from_sustainable_property_sr=1&from=searchresults#hotelTmpl,"8 Rue Bréguet, 11th arr., 75011 Paris, France",Paris - Le Bourget Airport,10.0,km,5.0,Restaurant Maison Bréguet,Monday 7:30AM-10PM,Tuesday 7:30AM-10PM,Wednesday 7:30AM-10PM,Thursday 7:30AM-10PM,Friday 7:30AM-10:30PM,Saturday 7:30AM-10:30PM,Sunday 7:30AM-5PM
ibis Paris Bercy Village,https://www.booking.com/hotel/fr/ibis-paris-bercy-village.en-gb.html?aid=304142&label=gen173nr-1FCAQoggJCJXNlYXJjaF9pYmlzIHBhcmlzIGJlcmN5IHZpbGxhZ2UgMTJlbWVICVgEaPsBiAEBmAEJuAEXyAEM2AEB6AEB-AEDiAIBqAIDuAKpy-epBsACAdICJDI1Zjg0MjVlLWQ3Y2ItNDhjZi04YjNjLWUyODZlMGQ5NmJhNdgCBeACAQ&ucfs=1&arphpl=1&group_adults=2&req_adults=2&no_rooms=1&group_children=0&req_children=0&hpos=1&hapos=1&sr_order=popularity&srpvid=6c961cd4c382004a&srepoch=1698293162&from_sustainable_property_sr=1&from=searchresults#hotelTmpl,"19 Place Des Vins De France, 12th arr., 75012 Paris, France",Paris - Orly Airport,10.0,km,3.0,District B ,Monday 08:00 - 02:00,Tuesday 08:00 - 02:00,Wednesday 08:00 - 02:00,Thursday 08:00 - 02:00,Friday 08:00 - 02:00,Saturday 08:00 - 02:00,Sunday 08:00 - 02:00
Meliá Paris Vendôme,https://www.booking.com/hotel/fr/melia-vendome-paris.en-gb.html?aid=304142&label=gen173nr-1FCAQoggJCGnNlYXJjaF9tZWxpYSBwYXJpcyB2ZW5kb21lSAlYBGj7AYgBAZgBCbgBF8gBDNgBAegBAfgBA4gCAagCA7gC2svnqQbAAgHSAiQ2NWIwZTAxMS1jNDJhLTQwNDMtYmViYy01ZDk4MzkzNGU4NzXYAgXgAgE&ucfs=1&arphpl=1&group_adults=2&req_adults=2&no_rooms=1&group_children=0&req_children=0&hpos=1&hapos=1&sr_order=popularity&srpvid=4dec1ced51950042&srepoch=1698293212&from_sustainable_property_sr=1&from=searchresults#hotelTmpl,"8 Rue Cambon, 1st arr., 75001 Paris, France",Paris - Le Bourget Airport,11.0,km,4.0,LE VENDÔME BAR,UnknownUnknown,Unknown,Unknown,Unknown,Unknown,Unknown,Unknown
Le Pigalle Hotel,https://www.booking.com/hotel/fr/le-pigalle-paris2.en-gb.html?aid=304142&label=gen173nr-1FCAQoggJCEXNlYXJjaF9sZSBwaWdhbGxlSAlYBGj7AYgBAZgBCbgBF8gBDNgBAegBAfgBA4gCAagCA7gCicznqQbAAgHSAiQ1MmQwNGMxZS0zNTRhLTRiNjEtYTc2Zi05OTk3Nzk5YmFhNzDYAgXgAgE&ucfs=1&arphpl=1&group_adults=2&req_adults=2&no_rooms=1&group_children=0&req_children=0&hpos=1&hapos=1&sr_order=popularity&srpvid=9ff41d04730401ad&srepoch=1698293258&from_sustainable_property_sr=1&from=searchresults#hotelTmpl,"9 rue frochot, 9th arr., 75009 Paris, France",Paris - Le Bourget Airport,9.0,km,4.0,Le Pigalle,Monday 6AM-3AM,Tuesday 6AM-3AM,Wednesday 6AM-3AM,Thursday 6AM-3AM,Friday 6AM-3AM,Saturday 6AM-3AM,Sunday 6AM-3AM
Hôtel Le Relais Saint-Germain,https://www.booking.com/hotel/fr/hotel-le-relais-saint-germain.en-gb.html?aid=304142&label=gen173nr-1FCAQoggJCIXNlYXJjaF9ob3RlbCByZWxhaXMgc2FpbnQtZ2VybWFpbkgJWARo-wGIAQGYAQm4ARfIAQzYAQHoAQH4AQOIAgGoAgO4ArLM56kGwAIB0gIkNjM4MTFiMTgtMjVmMS00MDU5LWExMjEtNTFjYmI4MjA5NGM02AIF4AIB&ucfs=1&arphpl=1&group_adults=2&req_adults=2&no_rooms=1&group_children=0&req_children=0&hpos=1&hapos=1&sr_order=popularity&srpvid=3d1b1d193dc40022&srepoch=1698293299&from_sustainable_property_sr=1&from=searchresults#hotelTmpl,"9, Carrefour de l'Odéon, 6th arr., 75006 Paris, France",Paris - Le Bourget Airport,12.0,km,4.0,Le Comptoir du Relais,Monday 12PM-11PM,Tuesday 12PM-11PM,Wednesday 12PM-11PM,Thursday 12PM-11PM,Friday 12PM-11PM,Saturday 12PM-11PM,Sunday 12PM-11PM
Hôtel Le Ballu,https://www.booking.com/hotel/fr/le-ballu.en-gb.html?aid=304142&label=gen173nr-1FCAQoggJCFXNlYXJjaF9ob3RlbCBsZSBiYWxsdUgJWARo-wGIAQGYAQm4ARfIAQzYAQHoAQH4AQOIAgGoAgO4Ar7M56kGwAIB0gIkMDgzZGY0MWUtNmQxOS00OWIyLTg1MzQtM2EyZTIzYjVhNmI52AIF4AIB&ucfs=1&arphpl=1&group_adults=2&req_adults=2&no_rooms=1&group_children=0&req_children=0&hpos=1&hapos=1&sr_order=popularity&srpvid=c6f71d1f92b7002e&srepoch=1698293312&from_sustainable_property_sr=1&from=searchresults#hotelTmpl,"30 rue Ballu, 9th arr., 75009 Paris, France",Paris - Le Bourget Airport,10.0,km,4.0,LE BALLU,Monday 12PM-11PM,Tuesday 12PM-11PM,Wednesday 12PM-11PM,Thursday 12PM-11PM,Friday 12PM-11PM,Saturday 12PM-11PM,Sunday 12PM-11PM
"Radisson Blu Champs-Elysées, Paris",https://www.booking.com/hotel/fr/champselysees.en-gb.html?aid=304142&label=gen173nr-1FCAQoggJCL3NlYXJjaF9yYWRpc3NvbiBibHUgaG90ZWwgY2hhbXBzIGVseXNlZXMsIHBhcmlzSAlYBGj7AYgBAZgBCbgBF8gBDNgBAegBAfgBA4gCAagCA7gC7cznqQbAAgHSAiRmOTMyYWFmNi03M2ViLTQ2YjQtYTRjYy1iOWQxNjcyMDI1ZmPYAgXgAgE&ucfs=1&arphpl=1&group_adults=2&req_adults=2&no_rooms=1&group_children=0&req_children=0&hpos=1&hapos=1&sr_order=popularity&srpvid=d8d11d367de10250&srepoch=1698293358&from_sustainable_property_sr=1&from=searchresults#hotelTmpl,"78 Bis Avenue Marceau, 8th arr., 75008 Paris, France",Paris - Le Bourget Airport,12.0,km,5.0,La Place,Monday 12:00 - 14:00,Tuesday 12:00 - 14:00,Wednesday 12:00 - 14:00,Thursday 12:00 - 14:00,Friday 12:00 - 14:00,Saturday - Closed,Sunday - Closed
Cheval Blanc Paris & Dior Spa Cheval Blanc Paris,https://www.booking.com/hotel/fr/cheval-blanc-paris.en-gb.html?aid=304142&label=gen173nr-1FCAQoggJCGXNlYXJjaF9jaGV2YWwgYmxhbmMgcGFyaXNICVgEaPsBiAEBmAEJuAEXyAEM2AEB6AEB-AEDiAIBqAIDuAKCzeepBsACAdICJGRlN2MwZjEzLTA4ZmYtNGI4OC05OTdkLWUzMzZiMjc2MmEwNNgCBeACAQ&ucfs=1&arphpl=1&group_adults=2&req_adults=2&no_rooms=1&group_children=0&req_children=0&hpos=1&hapos=1&sr_order=popularity&srpvid=74af1d415bc2006d&srepoch=1698293379&from=searchresults#hotelTmpl,"8 quai du Louvre, 1st arr., 75001 Paris, France",Paris - Le Bourget Airport,11.0,km,5.0,Le Tout-Paris,Monday 12PM-3PM7PM-10:30PM,Tuesday 12PM-3PM7PM-10:30PM,Wednesday 12PM-3PM7PM-10:30PM,Thursday 12PM-3PM7PM-10:30PM,Friday 12PM-3PM7PM-10:30PM,Saturday 12PM-3PM7PM-10:30PM,Sunday 12PM-3PM7PM-10:30PM
Hôtel Thoumieux,https://www.booking.com/hotel/fr/thoumieux-paris.en-gb.html?aid=304142&label=gen173nr-1FCAQoggJCFnNlYXJjaF9ob3RlbCB0aG91bWlldXhICVgEaPsBiAEBmAEJuAEXyAEM2AEB6AEB-AEDiAIBqAIDuAKLzeepBsACAdICJDI5ZWU2NTk5LTVhYWEtNGNlOS1hOGUyLTZmYTFkM2FiMzM3YtgCBeACAQ&ucfs=1&arphpl=1&group_adults=2&req_adults=2&no_rooms=1&group_children=0&req_children=0&hpos=1&hapos=1&sr_order=popularity&srpvid=42cc1d456002011d&srepoch=1698293388&from=searchresults#hotelTmpl,"79 rue Saint-Dominique, 7th arr., 75007 Paris, France",Paris - Le Bourget Airport,12.0,km,4.0,Brasserie Thoumieux,Monday 12PM-2:30PM7PM-11PM,Tuesday 12PM-2:30PM7PM-11PM,Wednesday 12PM-2:30PM7PM-11PM,Thursday 12PM-2:30PM7PM-11PM,Friday 12PM-2:30PM7PM-11PM,Saturday 12PM-2:30PM7PM-11PM,Sunday 12PM-2:30PM7PM-11PM
Maison Colbert Member of Meliá Collection,https://www.booking.com/hotel/fr/maison-colbert-member-of-melia-collection.en-gb.html?aid=304142&label=gen173nr-1FCAQoggJCMHNlYXJjaF9tYWlzb24gY29sYmVydCBtZW1iZXIgb2YgbWVsaWEgY29sbGVjdGlvbkgJWARo-wGIAQGYAQm4ARfIAQzYAQHoAQH4AQOIAgGoAgO4AqrN56kGwAIB0gIkYmI3NTAxZGYtMDk5ZS00MDM2LThhMWQtNjgxNWUyYWU2MGM22AIF4AIB&ucfs=1&arphpl=1&group_adults=2&req_adults=2&no_rooms=1&group_children=0&req_children=0&hpos=1&hapos=1&sr_order=popularity&srpvid=245d1d554bc4001f&srepoch=1698293419&from_sustainable_property_sr=1&from=searchresults#hotelTmpl,"7 Rue De L'hôtel Colbert, 5th arr., 75005 Paris, France",Paris - Le Bourget Airport,11.0,km,5.0,The Café Clotilde,Monday Closed,Tuesday Closed,Wednesday 12PM-6PM,Thursday 12PM-6PM,Friday 12PM-6PM,Saturday 12PM-6PM,Sunday 12PM-6PM
"InterContinental Paris Champs Elysées Etoile, an IHG Hotel",https://www.booking.com/hotel/fr/paris-avenue-marceau.en-gb.html?aid=304142&label=gen173nr-1FCAQoggJCQ3NlYXJjaF9pbnRlcmNvbnRpbmVudGFsIHBhcmlzIC0gY2hhbXBzLWVseXNlZXMgZXRvaWxlLCBhbiBpaGcgaG90ZWxICVgEaPsBiAEBmAEJuAEXyAEM2AEB6AEB-AEDiAIBqAIDuAL4zeepBsACAdICJDk1YmJjMWVlLWNmMGQtNGY3ZC05NTFhLWY0YmE2ZDQ3ZDM3NdgCBeACAQ&ucfs=1&arphpl=1&group_adults=2&req_adults=2&no_rooms=1&group_children=0&req_children=0&hpos=1&hapos=1&sr_order=popularity&srpvid=560c1d7ca43f02f4&srepoch=1698293497&from_sustainable_property_sr=1&from=searchresults#hotelTmpl,"64 Avenue Marceau, 8th arr., 75008 Paris, France",Paris - Le Bourget Airport,12.0,km,5.0,Monsieur Marceau,Unknown,Unknown,Unknown,Unknown,Unknown,Unknown,Unknown
Hôtel du Mont Blanc,https://www.booking.com/hotel/fr/du-mont-blanc.en-gb.html?aid=304142&label=gen173nr-1FCAQoggJCGnNlYXJjaF9ob3RlbCBkdSBtb250IGJsYW5jSAlYBGj7AYgBAZgBCbgBF8gBDNgBAegBAfgBA4gCAagCA7gCss7nqQbAAgHSAiQ3NzI4MzRlNy02NzRiLTRkYjktOGJkYS00M2E3M2I4YTNkNjPYAgXgAgE&ucfs=1&arphpl=1&group_adults=2&req_adults=2&no_rooms=1&group_children=0&req_children=0&hpos=1&hapos=1&sr_order=popularity&srpvid=06a01d9914f60106&srepoch=1698293555&from=searchresults#hotelTmpl,"28 Rue de la Huchette , 5th arr., 75005 Paris, France",Paris - Le Bourget Airport,11.0,km,2.0,LE JARDIN DU ROY,Monday 12PM-1AM,Tuesday 12PM-1AM,Wednesday 12PM-1AM,Thursday 12PM-1AM,Friday 12PM-1AM,Saturday 12PM-1AM,Sunday 12PM-1AM
"Crowne Plaza Paris République, an IHG Hotel",https://www.booking.com/hotel/fr/holiday-inn-paris-republique.en-gb.html?aid=304142&label=gen173nr-1FCAQoggJCNHNlYXJjaF9jcm93bmUgcGxhemEgcGFyaXMgLSByZXB1YmxpcXVlLCBhbiBpaGcgaG90ZWxICVgEaPsBiAEBmAEJuAEXyAEM2AEB6AEB-AEDiAIBqAIDuALF0OepBsACAdICJDliYmEwOTFkLTdiNTItNDM3MC05NmYzLWE0YjBhYzQ4YjA0NdgCBeACAQ&ucfs=1&arphpl=1&group_adults=2&req_adults=2&no_rooms=1&group_children=0&req_children=0&hpos=1&hapos=1&sr_order=popularity&srpvid=bb261e22ead4000c&srepoch=1698293830&from_sustainable_property_sr=1&from=searchresults#hotelTmpl,"10, Place De La République, 11th arr., 75011 Paris, France",Paris - Le Bourget Airport,9.0,km,4.0,LE DIX,Monday 00:00 - 00:00,Tuesday 00:00 - 00:00,Wednesday 00:00 - 00:00,Thursday 00:00 - 00:00,Friday 00:00 - 00:00,Saturday 00:00 - 00:00,Sunday 00:00 - 00:00
